sep=,
"Date","Visiteurs presents BU Rockefeller","Visiteurs presents BU Sciences Doua","Visiteurs presents BU Lyon-Sud","Visiteurs presents BU Croix-Rousse","Visiteurs presents BU Odontologie","Visiteurs presents Sciences Po Lyon","Visiteurs presents BU Chevreul","Visiteurs presents BU Bron","Visiteurs presents Bib Marie Curie","Visiteurs presents BU Manufacture - Lyon 3","Visiteurs presents Learning Hub Lyon - Ecully","Visiteurs presents maker's lab Lyon - Ecully","Visiteurs presents Bib Michel Serres","Visiteurs presents atelier makers' lab Lyon - Ecully","Visiteurs presents total","Entrees BU Rockefeller","Entrees BU Sciences Doua","Entrees BU Lyon-Sud","Entrees BU Croix-Rousse","Entrees BU Odontologie","Entrees Sciences Po Lyon","Entrees BU Chevreul","Entrees BU Bron","Entrees Bib Marie Curie","Entrees BU Manufacture - Lyon 3","Entrees Learning Hub Lyon - Ecully","Entrees maker's lab Lyon - Ecully","Entrees Bib Michel Serres","Entrees atelier makers' lab Lyon - Ecully","Entrees total","Sorties BU Rockefeller","Sorties BU Sciences Doua","Sorties BU Lyon-Sud","Sorties BU Croix-Rousse","Sorties BU Odontologie","Sorties Sciences Po Lyon","Sorties BU Chevreul","Sorties BU Bron","Sorties Bib Marie Curie","Sorties BU Manufacture - Lyon 3","Sorties Learning Hub Lyon - Ecully","Sorties maker's lab Lyon - Ecully","Sorties Bib Michel Serres","Sorties atelier makers' lab Lyon - Ecully","Sorties total"
"01/09/2018",0,0,0,0,0,0,0,0,0,0,1.0769,0,0,0,1.0769,0,0,0,0,0,0,0,0,0,0,15,3,0,0,18,0,0,0,0,0,0,0,0,0,0,15,3,0,0,18
"02/09/2018",0,0,0,0,0,0,0,0,0,0,0,0,0,0,0,0,0,0,0,0,0,0,0,0,0,0,0,0,0,0,0,0,0,0,0,0,0,0,0,0,0,0,0,0,0
"03/09/2018",189.25,77.3,34.3333,7.3182,1.6,15.5714,72.2222,7.6111,12.3889,53.5217,13.8621,6.0345,6.2083,0,497.2217,1915,1126,395,181,21,289,710,172,280,1446,294,129,143,0,7101,1915,1126,395,181,21,289,710,172,279,1446,294,129,143,0,7100
"04/09/2018",213.1,107.1,35.7222,6.9091,0.5,20.2857,76.2222,10.5,37.6667,86.4348,34.7586,0.1724,3.125,0,632.4967,2151,1810,456,145,17,232,782,197,708,1618,1077,64,143,0,9400,2151,1810,456,145,17,232,782,197,697,1618,1077,64,143,0,9389
"05/09/2018",125.8,93.6,35.9444,21.5909,2.4,17.5714,73.3889,12.2222,12.8889,146.7826,36.1379,0.6897,6.5,0,585.5169,2669,1177,393,320,21,228,732,193,349,1853,864,81,152,0,9032,2669,1177,393,320,21,228,732,193,359,1853,864,81,152,0,9042
"06/09/2018",276.9,121.55,34.8667,10.4091,1.2,18.8571,79.8333,26,7.5,156.6522,16.1379,0.4828,7.0417,0,757.4307999999999,2557,1292,577,145,23,265,883,433,254,1918,375,73,129,0,8924,2557,1292,577,145,23,265,883,433,257,1918,375,73,129,0,8927
"07/09/2018",201.45,101.35,23.7333,7,1.9,0,69.8333,17.5556,22.375,129.6087,12.9655,0.2759,4.5,0,592.5473,2232,1111,419,104,22,0,873,384,283,1742,564,74,90,0,7898,2232,1111,419,104,22,0,873,384,279,1742,564,74,90,0,7894
"08/09/2018",0,0,0,10.5714,0,0,0,0,0,0,1.3077,0,0,0,11.879100000000001,0,0,0,72,0,0,0,0,0,0,23,0,0,0,95,0,0,0,72,0,0,0,0,0,0,23,0,0,0,95
"09/09/2018",0,0,0,0,0,0,0,0,0,0,0,0,0,0,0,0,0,0,0,0,0,0,0,0,0,0,0,0,0,0,0,0,0,0,0,0,0,0,0,0,0,0,0,0,0
"10/09/2018",329.95,202.1,24.6667,18.2273,9.7,34.913,125.5556,16.3889,0,268.2609,59.3793,21.069,5.4167,0.069,1115.6964,2823,2413,513,248,58,349,1137,447,0,3455,824,394,179,3,12843,2823,2413,513,248,58,349,1137,447,0,3455,824,394,179,3,12843
"11/09/2018",360.2,208.8,41.6667,8.3636,5.5,25.8261,106.3889,26.0556,35.7727,243.913,50.8621,15.7586,11.4167,0,1140.5240000000001,3063,2522,727,219,48,306,1225,581,557,2934,1058,368,234,19,13861,3063,2522,727,219,48,306,1225,581,515,2934,1058,368,234,19,13819
"12/09/2018",324.45,202.45,47.4,31.5,1.4,21.0435,117.4444,27.6111,44.9091,346.2174,29.6897,0.3448,10.4167,0,1204.8766999999998,2767,2021,828,399,29,340,1150,542,512,3782,467,27,187,0,13051,2767,2021,828,399,29,340,1150,542,455,3782,467,27,187,0,12994
"13/09/2018",364.6,253.9,61.3333,15.8182,8.3,29.8261,120.8333,26.3333,47.3182,180.2174,19.9655,0.3793,10.75,0,1139.5746000000001,4028,2275,891,215,38,403,1200,493,504,2754,309,78,194,0,13382,4028,2275,891,215,38,403,1200,493,458,2754,309,78,194,0,13336
"14/09/2018",296.5333,184.1,53.5667,13.8,1,22.45,94.0556,19.6111,19.5455,214.7391,57.2759,4.3793,7.0833,0,988.1397999999998,3547,2111,967,171,39,253,1031,302,543,2666,540,247,142,0,12559,3547,2111,967,171,39,253,1031,302,545,2666,540,247,142,0,12561
"15/09/2018",245.0417,0,22.0909,6,0,0,0,0,13.75,0,12.9231,6.0769,0,0,305.88259999999997,2047,0,312,34,0,0,0,0,76,0,133,362,0,92,3056,2047,0,312,34,0,0,0,0,46,0,133,362,0,92,3026
"16/09/2018",220.9091,0,0,0,0,0,0,0,0,0,0,0,0,0,220.9091,1458,0,0,0,0,0,0,0,0,0,0,0,0,0,1458,1458,0,0,0,0,0,0,0,0,0,0,0,0,0,1458
"17/09/2018",351.6667,258.1667,59.1333,25,17.8889,34.3043,172.2308,108.0909,48.6429,369.3793,43.1379,6.5862,9,0,1503.2278999999999,4085,3628,1104,288,191,474,2287,1863,947,4851,837,446,252,0,21253,4085,3628,1104,288,191,474,2287,1863,911,4851,837,446,252,0,21217
"18/09/2018",376.7,294.9333,67.6333,24.5,14.4444,34.087,188.7692,128.1364,54.7143,341.2759,45.5862,1.4483,14.9167,95.3448,1682.4898,4219,3669,1069,346,131,577,2511,2190,1287,5235,931,192,295,185,22837,4219,3669,1069,346,131,577,2511,2190,1281,5235,931,192,295,0,22646
"19/09/2018",356.6667,252.7,65.5667,57.5455,13.8889,42.5652,208.4231,129.8182,23.1429,317.6897,56.5862,1.8621,12.5,0.2414,1539.1966,4312,3239,954,647,121,501,2695,1887,1565,5057,846,92,243,14,22173,4312,3239,954,647,121,501,2695,1887,1540,5057,846,92,243,14,22148
"20/09/2018",355.7,263.8333,46.7333,25.1818,15.8889,25.3913,238.5385,121.7727,81.7143,356.4138,46.6897,1,14.5833,0,1593.4409,4226,3077,814,359,147,445,2691,1716,1291,4568,821,132,217,9,20513,4226,3077,814,359,147,445,2691,1716,1235,4568,821,132,217,9,20457
"21/09/2018",263.9333,219.5667,19.7667,23.45,1.9444,17.55,176.1923,58,68.7143,222.4138,27.3448,1,13.9167,0,1113.793,3245,2706,517,308,46,319,2092,950,1149,4005,896,111,227,0,16571,3245,2706,517,308,46,319,2092,950,1119,4005,896,111,227,0,16541
"22/09/2018",264.9167,254.4091,16.5,5.7143,0,0,148.5556,0,22.3333,126.5882,7.8462,0,0.5385,0,847.4019,2185,1611,186,37,0,0,1102,0,302,815,67,1,20,0,6326,2185,1611,186,37,0,0,1102,0,321,815,67,1,20,0,6345
"23/09/2018",193.2273,275.4091,0,0,0,0,136.0556,0,0,0,0,0,0,0,604.692,1378,1845,0,0,0,0,872,0,0,0,0,0,0,0,4095,1378,1845,0,0,0,0,872,0,0,0,0,0,0,0,4095
"24/09/2018",352.5,352.2667,27.0667,51.5909,15.9444,59.1304,269.7692,212.6818,90.75,510.7586,73.2759,32.3793,19.875,0,2067.9889000000003,4559,4281,591,622,152,697,3240,2706,1441,6277,1374,574,304,16,26834,4559,4281,591,622,152,697,3240,2706,1349,6277,1374,574,304,16,26742
"25/09/2018",371.4667,359.9667,34.5333,45.3636,27.1667,57.4348,284.4231,221.4091,-2.3571,464.1034,80.1379,8.5862,20.875,0,1973.1093999999998,4744,4344,621,622,265,723,3309,2794,114,6478,1242,280,321,0,25857,4744,4344,621,622,265,723,3309,2794,119,6478,1242,280,321,0,25862
"26/09/2018",377.0333,340.7333,33.6,54.0455,8.8333,38.6522,285.2692,216.9091,1.8571,508.4138,59.5862,6.0345,14.5833,0,1945.5508,4690,3940,592,693,141,650,3225,2612,55,6317,992,148,237,0,24292,4690,3940,592,693,141,650,3225,2612,54,6317,992,148,237,0,24291
"27/09/2018",394,341.7667,26.2333,43.7273,6.8889,42.4783,267.3077,204.5909,-28.25,404.4138,47.4138,0.8621,19.2083,0,1770.6411,4780,3952,496,531,130,802,3201,2409,101,5640,887,205,241,0,23375,4780,3952,496,531,130,802,3201,2409,132,5640,887,205,241,0,23406
"28/09/2018",319.7,243.9333,26.4667,27.6,7.1667,29.65,211.3077,103.2727,9.5357,291.7586,37.6207,1.7241,13.3333,0,1323.0694999999998,3811,3082,483,420,79,454,2344,1268,256,4120,640,165,216,0,17338,3811,3082,483,420,79,454,2344,1268,235,4120,640,165,216,0,17317
"29/09/2018",333.0417,255.7727,26.1364,8.7143,0,0,183.7778,0,0.8333,160.7647,6.3077,0,5.2308,0,980.5794,2632,1712,259,48,0,0,1209,0,7,958,59,1,44,0,6929,2632,1712,259,48,0,0,1209,0,3,958,59,1,44,0,6925
"30/09/2018",245.7273,315.9091,0,0,0,0,199.8889,0,0,0,0,0,0,0,761.5253000000001,1735,2235,0,0,0,0,1185,0,0,0,0,0,0,0,5155,1735,2235,0,0,0,0,1185,0,0,0,0,0,0,0,5155
"01/10/2018",258.2222,286.2778,28,48.5833,27.1,57.6957,326.8462,299,-6.1786,601.5517,79.4828,8.2414,18.4167,0,2033.2392000000002,2295,2359,314,322,164,769,3787,3333,94,7168,1304,415,306,0,22630,2295,2359,314,322,164,769,3787,3333,101,7168,1304,415,306,0,22637
"02/10/2018",417.7667,436.1333,50.6,51.6364,22.45,0,336.0769,303.3182,106.7857,595.6552,94.069,10.3793,21.6667,4.3448,2450.8822,4814,4797,806,729,199,0,4011,3622,1860,7299,1344,262,328,385,30456,4814,4797,806,729,199,0,4011,3622,1800,7299,1344,262,328,385,30396
"03/10/2018",379.0333,411.3333,32.9667,58.5909,24.25,61.9565,317.3846,291.5455,103.8929,535.4138,80.1034,6.7586,17.5,0,2320.7295000000004,4812,4448,562,732,224,803,3563,3287,1582,7027,1172,376,259,0,28847,4812,4448,562,732,224,803,3563,3287,1563,7027,1172,376,259,0,28828
"04/10/2018",377.6333,359.8333,38.6,44.6364,11.4,61.3125,315.3462,252.2273,92.3571,526,71.2414,4.5172,13.2083,0.4138,2168.726799999999,4544,3690,659,625,110,709,3668,2823,1485,6927,1114,238,156,65,26813,4544,3690,659,625,110,709,3668,2823,1409,6927,1114,238,156,65,26737
"05/10/2018",335.9,271.6667,15.5172,37.45,8.3333,38.2,256.6538,127.9545,76.6071,363.931,52.931,8.0345,8.0417,0,1601.2208,3983,3339,464,457,96,453,2693,1429,1225,4667,749,324,159,562,20600,3983,3339,464,457,96,453,2693,1429,1195,4667,749,324,159,562,20570
"06/10/2018",347.2917,326.9545,25.5455,9,0,0,215.2222,0,62.5556,82.3529,15.2308,0,1.6154,0,1085.7685999999999,2826,2243,273,46,0,0,1481,0,619,747,93,0,15,0,8343,2826,2243,273,46,0,0,1481,0,642,747,93,0,15,0,8366
"07/10/2018",259.4545,373.3636,0,0,0,0,190.5,0,0,0,0,0,0,0,823.3181,1903,2409,0,0,0,0,1153,0,0,0,0,0,0,0,5465,1903,2409,0,0,0,0,1153,0,0,0,0,0,0,0,5465
"08/10/2018",392.7667,413.0333,46.1667,49.5,32.25,70.1739,357.3846,275.7727,97.1786,577.2759,59.069,17.3103,15.8333,0,2403.7149999999997,4786,4775,755,596,270,785,3965,3089,1661,6833,1486,332,269,0,29602,4786,4775,755,596,270,785,3965,3089,1625,6833,1486,332,269,0,29566
"09/10/2018",408.1333,420.3667,46.2,41.4545,16.8,92.1739,362.6154,268.6818,121.2143,577.8276,86.7586,6.2414,19.1667,0,2467.6342000000004,4518,5186,800,587,155,977,4124,3235,1965,7093,2010,303,326,1218,32497,4518,5186,800,587,155,977,4124,3235,1981,7093,2010,303,326,1218,32513
"10/10/2018",341.3667,362.7333,50.1,67.5,22.15,56.2609,346.5385,294.7273,77.5714,514.7931,71.5172,8.0345,19.9583,10.8276,2244.0788,3890,4595,805,987,155,845,3953,3025,1761,6966,1114,259,261,75,28691,3890,4595,805,987,155,845,3953,3025,1774,6966,1114,259,261,75,28704
"11/10/2018",346.9,392.5667,46.1667,13.1818,17.4,67.7826,331.8846,238.1364,118.6429,562.8966,60.7241,4.3103,9.5833,1.2414,2211.4174,4123,4568,826,498,142,844,3776,2631,2059,6702,859,256,166,28,27478,4123,4568,826,498,142,844,3776,2631,2046,6702,859,256,166,28,27465
"12/10/2018",346.2,280.8333,55.3,35.3,13.9444,46.05,267.1538,132.3636,76.25,369.3448,51.0345,9.5862,8.8333,6.1034,1698.2972999999997,3564,3233,914,513,152,507,2911,1482,1368,4779,687,322,162,47,20641,3564,3233,914,513,152,507,2911,1482,1347,4779,687,322,162,47,20620
"13/10/2018",268.2083,334.2727,33.8636,0,0,0,237.9444,0,92.9444,177.3529,10.6154,0,4.2308,0,1159.4325,2285,2202,407,0,0,0,1517,0,849,1054,74,0,20,0,8408,2285,2202,407,0,0,0,1517,0,813,1054,74,0,20,0,8372
"14/10/2018",254.5455,428.9545,0,0,0,0,246.7222,0,0,0,0,0,0,0,930.2221999999999,1898,2900,0,0,0,0,1409,0,0,0,0,0,0,0,6207,1898,2900,0,0,0,0,1409,0,0,0,0,0,0,0,6207
"15/10/2018",386.2,421.8,0,0,37,72.5652,329.8077,252.3636,88.6071,574.6897,88.4138,36.0345,20.7917,0,2308.2733000000003,4244,4959,0,0,285,872,3905,2942,1791,6793,1486,709,298,0,28284,4244,4959,0,0,285,872,3905,2942,1801,6793,1486,709,298,0,28294
"16/10/2018",365.3,476.9,0,0,18.95,81.8261,340.3846,284.7727,127,514.2069,84.7586,12.8621,21.7083,0,2328.6693,4399,5246,0,0,201,945,3986,3338,2059,6872,1459,425,299,0,29229,4399,5246,0,0,201,945,3986,3338,1972,6872,1459,425,299,0,29142
"17/10/2018",383.0667,426.9667,0,0,15.1,58.087,338.6154,268.3182,0,517.1379,87.9655,16.8276,19.625,0,2131.71,4316,4705,0,0,193,930,3704,3213,0,6915,1369,463,245,0,26053,4316,4705,0,0,193,930,3704,3213,0,6915,1369,463,245,0,26053
"18/10/2018",364.1333,417.6667,0,0,16.5,74.6087,323.3846,237.2727,99.8214,533.2069,64.0345,5.7931,9.8333,0,2146.2551999999996,4303,4491,0,0,171,837,3497,2673,1878,6474,1038,390,170,0,25922,4303,4491,0,0,171,837,3497,2673,1910,6474,1038,390,170,0,25954
"19/10/2018",293.6333,311.6333,0,0,15.1111,35.9,279.4615,114.4091,63.6071,359.6207,47,11.5172,10.4583,0,1542.3516,3579,3676,0,0,139,527,2968,1414,1243,4547,678,423,199,0,19393,3579,3676,0,0,139,527,2968,1414,1224,4547,678,423,199,0,19374
"20/10/2018",287.4167,407.8182,0,0,0,0,256.0556,0,92.4444,187.5294,15.3077,0,6.2308,0,1252.8028,2532,2635,0,0,0,0,1572,0,685,1082,88,0,33,0,8627,2532,2635,0,0,0,0,1572,0,664,1082,88,0,33,0,8606
"21/10/2018",279.7273,448.8182,0,0,0,0,0,0,0,0,0,0,0,0,728.5455,2100,2972,0,0,0,0,7,0,0,0,0,0,0,0,5079,2100,2972,0,0,0,0,7,0,0,0,0,0,0,0,5079
"22/10/2018",403,485.4667,56.6667,0,27.05,68.4348,358.8462,289.0909,118.7143,605.2069,86.3448,10.9655,25.3333,0,2535.120099999999,4618,5113,846,0,310,839,4017,3186,1668,7126,1442,490,324,0,29979,4618,5113,846,0,310,839,4017,3186,1549,7126,1442,490,324,0,29860
"23/10/2018",405.5667,483.3667,46.2333,0,20.85,92.6522,352.2692,295.2727,139.5357,603.8276,83.9655,48.9655,16.875,0,2589.3800999999994,4752,5142,741,0,192,963,4087,3415,1932,7230,1325,742,288,0,30809,4752,5142,741,0,192,963,4087,3415,1806,7230,1325,742,288,0,30683
"24/10/2018",388.4,423.2,48.3667,0,16.6,71.4348,334.8846,284.6364,105.8214,551.8966,63.5172,6.3448,11.4167,0,2306.5192,4444,4533,798,0,139,856,3893,3225,1770,6973,932,260,196,0,28019,4444,4533,798,0,139,856,3893,3225,1757,6973,932,260,196,0,28006
"25/10/2018",379.8667,416.3,45.2,46.4545,22.5,47.8261,344.8846,239.9545,83.75,564.4138,43.8276,3.3103,9.2083,0,2247.4964,4660,4292,831,461,212,718,3698,2808,1599,6646,609,179,133,0,26846,4660,4292,831,461,212,718,3698,2808,1627,6646,609,179,133,0,26874
"26/10/2018",330.8333,252.4667,51.6333,30.25,14.3333,15.65,228.2692,101.0455,84.1071,367.2414,45.3793,3.7931,5.125,0,1530.1272000000001,3785,3047,883,338,128,303,2580,1370,1198,4905,579,208,138,0,19462,3785,3047,883,338,128,303,2580,1370,1182,4905,579,208,138,0,19446
"27/10/2018",338.7917,244.2273,38.8636,4,0,0,150.1667,0,10.625,173.7647,11.6154,0,0,0,972.0544000000001,2578,1551,407,34,0,0,993,0,54,1103,103,0,0,0,6823,2578,1551,407,34,0,0,993,0,55,1103,103,0,0,0,6824
"28/10/2018",274.2273,258.2727,0,0,0,0,168.5556,0,0,0,0,0,0,0,701.0556,1980,1762,0,0,0,0,975,0,0,0,0,0,0,0,4717,1980,1762,0,0,0,0,975,0,0,0,0,0,0,0,4717
"29/10/2018",407.2333,284.2333,58.8333,33.5,36.05,2.1905,238.6538,31.7222,18.0455,427.1034,14.2414,0,2.6111,0,1554.4178,4752,2502,918,279,373,67,2260,224,294,5111,179,9,32,0,17000,4752,2502,918,279,373,67,2260,224,295,5111,179,9,32,0,17001
"30/10/2018",403,313.3333,60.0333,27.4375,31.85,7.1905,257.2308,25.9444,48.6818,384.6552,31.3103,0.4483,2.9444,0,1594.0598000000005,4623,2826,913,315,273,87,2390,197,443,4271,341,142,91,0,16912,4623,2826,913,315,273,87,2390,197,401,4271,341,142,91,0,16870
"31/10/2018",386.9,308.3333,52.6,44.8125,11.75,9.4762,227.1154,27.3889,34.8182,327.8966,19.1379,11.9655,2.5556,0,1464.7500999999997,4249,2739,819,303,145,75,2089,234,300,3479,233,362,37,0,15064,4249,2739,819,303,145,75,2089,234,293,3479,233,362,37,0,15057
"01/11/2018",0,0,0,0,0,0,261.6667,0,0,0,0,0,0,0,261.6667,0,0,0,0,0,0,1504,0,0,0,0,0,0,0,1504,0,0,0,0,0,0,1504,0,0,0,0,0,0,0,1504
"02/11/2018",330.8667,382.9,59.9333,0,16.1667,8.3,267.7308,21.6667,44.3182,262.5862,8.4828,7.3793,0,0,1410.3306999999998,3525,3189,908,0,120,82,2205,172,486,2372,121,327,0,0,13507,3525,3189,908,0,120,82,2205,172,457,2372,121,327,0,0,13478
"03/11/2018",351.5833,413.7727,40.2727,0,0,0,241.2778,0,0,0,11.3077,3.4615,0,0,1061.6757,2950,2648,406,0,0,0,1435,0,0,0,72,204,0,0,7715,2950,2648,406,0,0,0,1435,0,0,0,72,204,0,0,7715
"04/11/2018",335.2727,426.1818,0,0,0,0,245.2778,0,0,0,0,0,0,0,1006.7323000000001,2264,3020,0,0,0,0,1367,0,0,0,0,0,0,0,6651,2264,3020,0,0,0,0,1367,0,0,0,0,0,0,0,6651
"05/11/2018",415.5667,514.4,59.3333,59.2727,38.6,80.7826,371.4615,278.3636,0,529.4138,78.4138,9.069,18,0,2452.6769999999997,4802,5372,987,815,325,799,3970,3112,0,6770,1227,314,324,0,28817,4802,5372,987,815,325,799,3970,3112,0,6770,1227,314,324,0,28817
"06/11/2018",405.0667,535.8,68.1,49.5909,23,86.4348,347.9231,357.5455,0,549.2759,75.4828,6.8621,18.5,0,2523.5817999999995,4428,5620,941,718,236,973,4141,3770,0,7408,1273,416,309,0,30233,4428,5620,941,718,236,973,4141,3770,0,7408,1273,416,309,0,30233
"07/11/2018",373.2667,503,70.0333,91.2727,20.3,70.5652,374.3077,311.9545,127.2857,595.7241,84.7931,9.2069,15.5417,0,2647.2516,4253,5486,1086,1111,190,887,4274,3543,1754,7204,1241,356,268,0,31653,4253,5486,1086,1111,190,887,4274,3543,1651,7204,1241,356,268,0,31550
"08/11/2018",379.0667,447.2,54.5667,54.0909,19.6,71.5652,359.2692,280.2273,106.1429,572.5172,83.7241,7.2414,9.375,0,2444.5866,4207,4675,850,657,177,803,4309,3145,1612,6573,1241,140,164,0,28553,4207,4675,850,657,177,803,4309,3145,1607,6573,1241,140,164,0,28548
"09/11/2018",311.9667,333.6,49.9667,40.9,11.3333,45.2,301.5769,138.0909,84.8571,458.2414,67.3448,7.2759,11.5833,0,1861.937,3799,3543,884,610,134,443,3096,1563,1492,5026,1236,290,149,0,22265,3799,3543,884,610,134,443,3096,1563,1493,5026,1236,290,149,0,22266
"10/11/2018",387.3333,492.8636,40.7727,3.8571,0,0,287.5,0,93.7778,229.1176,29,0,4.6154,0,1568.8375,2975,3141,393,32,0,0,1849,0,713,1223,160,0,24,0,10510,2975,3141,393,32,0,0,1849,0,730,1223,160,0,24,0,10527
"11/11/2018",0,0,0,0,0,0,351.4444,0,0,0,0,0,0,0,351.4444,0,0,0,0,0,0,2204,0,0,0,0,0,0,0,2204,0,0,0,0,0,0,2204,0,0,0,0,0,0,0,2204
"12/11/2018",381.6,463.9333,58.5333,56.0909,27.55,82.1304,348.6923,297.2727,132.5,566.5862,97.3448,0,22.25,0,2534.4838999999997,4714,5447,852,697,229,967,3982,3218,2014,6812,1695,347,408,0,31382,4714,5447,852,697,229,967,3982,3218,2001,6812,1695,347,408,0,31369
"13/11/2018",420.8667,528.4333,68.9,46.1818,23.5,97,375.6538,355.5,131.1786,631,70.1379,0,9.0833,0,2757.4354,4474,5739,1014,609,188,995,4187,3624,1925,7490,1442,317,139,0,32143,4474,5739,1014,609,188,995,4187,3624,1912,7490,1442,317,139,0,32130
"14/11/2018",379.7333,506.5,66.2333,74.2273,23.4,68.2609,364.5385,318.1818,114.4643,630,81.8621,8.5517,19.3333,0,2655.2865,4370,5520,1030,806,168,1116,4106,3450,1866,6997,1226,235,281,0,31171,4370,5520,1030,806,168,1116,4106,3450,1865,6997,1226,235,281,0,31170
"15/11/2018",396.6,434.1667,64,49.5,20,65.5217,368.5385,269.8636,124.8214,555.6897,57.8966,5.4138,12.5,0,2424.512,4543,5130,1000,738,167,839,3964,3035,1990,6658,861,457,188,0,29570,4543,5130,1000,738,167,839,3964,3035,1972,6658,861,457,188,0,29552
"16/11/2018",329.0667,358.6667,63.2667,49.9,13.7222,60.45,315.1538,154.1818,91.8571,445.9655,64.7586,8.4483,13.875,0,1969.3124000000003,3930,3814,946,601,164,565,3192,1701,1434,4991,864,544,223,0,22969,3930,3814,946,601,164,565,3192,1701,1419,4991,864,544,223,0,22954
"17/11/2018",388.25,502.5,50.8182,7,0,0,273.2222,0,73.4444,238.8824,10.3077,0.3077,5.9231,0,1550.6557000000003,2969,3041,481,43,0,0,1679,0,583,1280,96,70,37,0,10279,2969,3041,481,43,0,0,1679,0,604,1280,96,70,37,0,10300
"18/11/2018",287.5909,556.7273,41.5909,0,0,0,311.2222,0,0,0,0,0,0,0,1197.1313,2009,3569,403,0,0,0,1862,0,0,0,0,0,0,0,7843,2009,3569,403,0,0,0,1862,0,0,0,0,0,0,0,7843
"19/11/2018",401.8667,501.3333,73.7,43.0455,35.4,80.913,382.6923,278.2727,86.4643,639.9655,78.2414,10.7586,19.625,0,2632.2783,4751,5559,1196,606,296,835,4136,2974,1487,7018,1300,334,398,0,30890,4751,5559,1196,606,296,835,4136,2974,1503,7018,1300,334,398,0,30906
"20/11/2018",433.7333,553.8,74.5667,46.0455,31.2,89.087,372.7308,318.7727,148.8214,552.7931,65.5172,10.8966,26.7083,0,2724.6725999999994,4691,5671,1123,628,263,917,4175,3517,1890,7421,1462,376,358,0,32492,4691,5671,1123,628,263,917,4175,3517,1793,7421,1462,376,358,0,32395
"21/11/2018",391.8667,510.6,75.7,69.9091,26.9,85.5652,369.1923,311.2727,127.3571,595.6897,90.7241,0.1379,27.4167,0,2682.3315000000002,4311,5213,1074,934,223,882,4024,3418,1739,7304,1458,333,365,0,31278,4311,5213,1074,934,223,882,4024,3418,1632,7304,1458,333,365,0,31171
"22/11/2018",346.4,484.4667,75.8333,56.0455,12.45,90.75,370.5769,263.9545,122.25,650.2069,69.931,9.5862,22.3333,0,2574.7843000000003,3799,4884,1011,729,109,715,4035,2824,1902,7237,1022,312,323,0,28902,3799,4884,1011,729,109,715,4035,2824,1874,7237,1022,312,323,0,28874
"23/11/2018",357.2333,45.9286,63.1,39.75,6.5556,40.3,288.2308,129.5909,55.4286,415.1724,61.4828,2.1379,16.75,0,1521.6608999999999,4020,959,936,601,114,431,2930,1396,1492,4979,759,149,264,0,19030,4020,959,936,601,114,431,2930,1396,1505,4979,759,149,264,0,19043
"24/11/2018",392.0417,464.6818,53.0909,6.1429,0,0,281.6667,0,94.9444,226.1765,15.5385,0,6.8462,0,1541.1296000000004,3061,2844,575,34,0,0,1635,0,630,1310,98,0,49,0,10236,3061,2844,575,34,0,0,1635,0,599,1310,98,0,49,0,10205
"25/11/2018",268.1818,508.5,56.2727,0,0,0,322.6111,0,0,0,0,0,0,0,1155.5656000000001,1987,3318,579,0,0,0,1892,0,0,0,0,0,0,0,7776,1987,3318,579,0,0,0,1892,0,0,0,0,0,0,0,7776
"26/11/2018",430.9667,543.5,82.8,68.4091,24.45,73,377.3846,300.9091,99.0714,668.4138,53.7931,11.3448,22.75,0,2756.7925999999998,4635,5355,1098,772,270,844,4076,3111,1558,6718,1086,182,319,0,30024,4635,5355,1098,772,270,844,4076,3111,1483,6718,1086,182,319,0,29949
"27/11/2018",391.0333,569.7,77.8333,59.8182,22.95,87.913,376.8462,303.0455,134.7857,600.8276,77.2759,18.4828,24.2083,0,2744.7198,4503,5631,1100,743,227,921,3948,3417,1779,7224,1528,427,361,0,31809,4503,5631,1100,743,227,921,3948,3417,1771,7224,1528,427,361,0,31801
"28/11/2018",408.4667,477.1333,70.5,73.7273,21.95,83.2609,348.0385,325.8182,165,632.5862,69.3793,5.5862,21.25,0,2702.6966,4163,5033,1141,935,229,884,3858,3274,2049,7084,1077,191,258,0,30176,4163,5033,1141,935,229,884,3858,3274,1983,7084,1077,191,258,0,30110
"29/11/2018",394.0667,499.8,72.4,55.0455,13.9,79.5217,367.5,262.5455,93.1071,597.7241,56.8621,1.7586,15.5833,0,2509.8145999999997,4306,5115,975,739,160,848,3822,2891,1776,6996,805,281,204,0,28918,4306,5115,975,739,160,848,3822,2891,1834,6996,805,281,204,0,28976
"30/11/2018",381.9333,387.6667,76.5667,39.2,9.6111,44.4,331.5385,136.1818,72.9643,545.7931,42.4138,12.069,13.1667,0,2093.505,4109,3977,1092,549,137,442,3401,1633,1431,5864,719,472,185,0,24011,4109,3977,1092,549,137,442,3401,1633,1445,5864,719,472,185,0,24025
"01/12/2018",396.7083,485.1364,58.1818,7.5714,0,0,292.8333,0,94.1111,242.8235,17.5385,0,2.3077,0,1597.2120000000002,3291,3260,698,43,0,0,1891,0,1017,1440,135,0,24,0,11799,3291,3260,698,43,0,0,1891,0,1102,1440,135,0,24,0,11884
"02/12/2018",363.4091,582.8182,65.9545,0,0,0,362.4444,0,0,0,0,0,0,0,1374.6262000000002,2431,3814,622,0,0,0,2006,0,0,0,0,0,0,0,8873,2431,3814,622,0,0,0,2006,0,0,0,0,0,0,0,8873
"03/12/2018",444.1,544.5333,81.8,72.1364,32.1,85.6957,391.0769,286.6818,121.6071,619.6897,67.9655,13.4483,23.0833,0,2783.9179999999997,4580,5527,1040,810,273,882,4044,3184,1620,5899,1043,308,315,0,29525,4580,5527,1040,810,273,882,4044,3184,1611,5899,1043,308,315,0,29516
"04/12/2018",449.2,543.6333,78.0667,55.8636,34.5,111.1304,374.1538,293.1364,135.6786,595.2759,64,11.8276,27.9167,0,2774.3830000000007,4615,5754,1058,687,341,1066,4038,3463,1797,6256,1346,541,371,0,31333,4615,5754,1058,687,341,1066,4038,3463,1782,6256,1346,541,371,0,31318
"05/12/2018",431.5,536.3,80.4667,82.1818,24.3,85,375.6923,290.8182,131.1429,579.9655,85.1034,21.5517,19.9583,23.3448,2767.3255999999997,4458,5321,1096,1070,230,862,4003,3142,1762,6036,1357,277,265,80,29959,4458,5321,1096,1070,230,862,4003,3142,1737,6036,1357,277,265,80,29934
"06/12/2018",89.4333,502.9,77.3333,50.5455,18.3,67.087,348.2692,253.5909,134.25,522.2414,60.8966,1.8966,10.4583,0,2137.2020999999995,2540,5377,1004,740,230,764,3606,2750,1651,5306,924,295,150,495,25832,2540,5377,1004,740,230,764,3606,2750,1613,5306,924,295,150,495,25794
"07/12/2018",175,435.2333,67.0333,57.9,27.9444,61.95,0,0,106.25,465.4483,55.8621,7.6552,12,0,1472.2766,4150,4252,940,609,244,592,0,0,1284,4806,768,240,213,63,18161,4150,4252,940,609,244,592,0,0,1238,4806,768,240,213,63,18115
"08/12/2018",427.5,517.2273,73.3182,8.4286,0,0,0,0,0,259.0588,26.6923,0,4.7692,0,1316.9944,3489,3783,780,47,0,0,0,0,0,1471,134,0,28,0,9732,3489,3783,780,47,0,0,0,0,0,1471,134,0,28,0,9732
"09/12/2018",407.2273,645.1364,64.1364,0,0,0,0,0,0,0,0,0,0,0,1116.5001,2970,4529,707,0,0,0,0,0,0,0,0,0,0,0,8206,2970,4529,707,0,0,0,0,0,0,0,0,0,0,0,8206
"10/12/2018",367.2,595,68.8,73.3182,23.1,87.8077,374.8077,262.3182,108.5,547.5862,59.3448,7.3448,24.0833,0.8966,2600.1074999999996,3870,5900,948,797,304,912,3829,3020,1819,5297,981,196,313,54,28240,3870,5900,948,797,304,912,3829,3020,1847,5297,981,196,313,54,28268
"11/12/2018",400.9,627.8333,75.7333,66.3636,15.95,102.4615,377,306.0909,142.6071,517.6552,54.8276,5.5172,27,0.6552,2720.5949,3866,6377,986,743,154,1086,3987,3319,1914,4920,793,221,311,36,28713,3866,6377,986,743,154,1086,3987,3319,1892,4920,793,221,311,36,28691
"12/12/2018",349.3667,557.9667,50.9667,81.5,28.2,84.6538,363.1154,298.1364,154.2857,425.3793,46.6207,7.0345,28.0833,0,2475.3091999999997,3708,5471,705,971,274,926,3726,3088,1905,4466,626,171,357,0,26394,3708,5471,705,971,274,926,3726,3088,1850,4466,626,171,357,0,26339
"13/12/2018",358.3667,538.4,29.1,52.0455,16.1,85.6154,158.4286,0.3529,141.0357,430.8276,33.931,3.5862,21.6667,0,1869.4562999999998,3743,5428,501,699,132,987,1561,48,1567,5030,467,147,260,0,20570,3743,5428,501,699,132,987,1571,51,1543,5030,467,147,260,0,20559
"14/12/2018",322.1667,472.8,28.8667,50,10,54.3333,233.0769,0,75.3929,356.7241,55.931,1.1724,17.0417,0,1677.5057,3423,3891,416,576,87,618,2271,0,1329,4238,556,171,208,0,17784,3423,3891,416,576,87,618,2271,0,1346,4238,556,171,208,0,17801
"15/12/2018",383.3333,575.2727,24.7727,3.8571,0,0,0,0,114.8333,266.5882,4.0769,0,5.6923,0,1378.4264999999998,2906,3492,246,45,0,0,0,0,779,1308,63,0,32,0,8871,2906,3492,246,45,0,0,0,0,756,1308,63,0,32,0,8848
"16/12/2018",311.9091,617.6818,16.3182,0,0,0,0,0,0,0,0,0,0,0,945.9091,2111,4094,174,0,0,0,0,0,0,0,0,0,0,0,6379,2111,4094,174,0,0,0,0,0,0,0,0,0,0,0,6379
"17/12/2018",381.4,518.0333,25.9,56.6818,16.45,85.3077,304.0769,148.2273,103.1429,473.4138,35.8276,2.8966,27.3333,32.2414,2210.9325999999996,4333,5037,506,723,118,839,2964,1722,1565,4772,451,83,412,316,23841,4333,5037,506,723,118,839,2964,1722,1584,4772,451,83,412,316,23860
"18/12/2018",376.6667,520.7667,18.5333,61.0909,13.35,81.4231,314.3846,163.1364,139.8571,332.2759,56.5172,5.9655,33.0833,0,2117.0507,4280,5170,238,698,113,913,3138,1828,1949,4353,811,241,492,426,24650,4280,5170,238,698,113,913,3138,1828,1942,4353,811,241,492,426,24643
"19/12/2018",351.3667,493.6333,11.0667,53.9545,6.65,59.5385,294.5385,111.7727,124.8214,269.1379,39.5517,6.1379,30.5,0,1852.6698,4105,4559,222,817,69,711,2917,1317,1562,2909,678,286,439,0,20591,4105,4559,222,817,69,711,2917,1317,1518,2909,678,286,439,0,20547
"20/12/2018",277.0333,432.2,5.3667,33.2727,4.3,48.9231,231.8077,124.8182,93.8214,192.8621,36.8966,7.2759,12.5833,0,1501.161,3311,4136,134,446,54,592,2676,1627,1268,2179,560,308,178,0,17469,3311,4136,134,446,54,592,2676,1627,1251,2179,560,308,178,0,17452
"21/12/2018",135.0455,250.1818,5.2727,25.05,2.3889,8.6,122.7,78.75,33.75,95.6522,54.7586,0.9655,21.25,0,834.3652000000001,1161,2267,100,371,46,184,1253,1014,818,1132,363,175,330,0,9214,1161,2267,100,371,46,184,1253,1014,816,1132,363,175,330,0,9212
"22/12/2018",0,0,0,0,0,0,0,0,13.8333,0,0,0,0,0,13.8333,0,0,0,0,0,0,0,0,162,0,0,0,0,0,162,0,0,0,0,0,0,0,0,178,0,0,0,0,0,178
"23/12/2018",0,0,0,0,0,0,0,0,0,0,0,0,0,0,0,0,0,0,0,0,0,0,0,0,0,0,0,0,0,0,0,0,0,0,0,0,0,0,0,0,0,0,0,0,0
"24/12/2018",0,0,0,0,0,0,0,0,68,0,0,0,0,0,68,0,0,0,0,0,0,0,0,521,0,0,0,0,0,521,0,0,0,0,0,0,0,0,535,0,0,0,0,0,535
"25/12/2018",0,0,0,0,0,0,0,0,0,0,0,0,0,0,0,0,0,0,0,0,0,0,0,0,0,0,0,0,0,0,0,0,0,0,0,0,0,0,0,0,0,0,0,0,0
"26/12/2018",0,0,0,0,0,0,0,0,125.2727,0,0,0,0,0,125.2727,0,0,0,0,0,0,0,0,1095,0,0,0,0,0,1095,0,0,0,0,0,0,0,0,1091,0,0,0,0,0,1091
"27/12/2018",130.6,0,0,0,0,0,0,0,98.0909,0,0,0,0,0,228.6909,891,0,0,0,0,0,0,0,1065,0,0,0,0,0,1956,891,0,0,0,0,0,0,0,1110,0,0,0,0,0,2001
"28/12/2018",79.5,0,0,0,0,0,0,0,113.5455,0,0,0,0,0,193.0455,808,0,0,0,0,0,0,0,958,0,0,0,0,0,1766,808,0,0,0,0,0,0,0,961,0,0,0,0,0,1769
"29/12/2018",0,0,0,0,0,0,0,0,0,0,0,0,0,0,0,0,0,0,0,0,0,0,0,0,0,0,0,0,0,0,0,0,0,0,0,0,0,0,0,0,0,0,0,0,0
"30/12/2018",0,0,0,0,0,0,0,0,0,0,0,0,0,0,0,0,0,0,0,0,0,0,0,0,0,0,0,0,0,0,0,0,0,0,0,0,0,0,0,0,0,0,0,0,0
"31/12/2018",0,0,0,0,0,0,0,0,90.6111,0,0,0,0,0,90.6111,0,0,0,0,0,0,0,0,805,0,0,0,0,0,805,0,0,0,0,0,0,0,0,830,0,0,0,0,0,830
"01/01/2019",0,0,0,0,0,0,0,0,0,0,0,0,0,0,0,0,0,0,0,0,0,0,0,0,0,0,0,0,0,0,0,0,0,0,0,0,0,0,0,0,0,0,0,0,0
"02/01/2019",218.35,0,0,0,0,0,0,0,151.6818,0,0,0,0,0,370.0318,1415,0,0,0,0,0,0,0,1361,0,0,0,0,0,2776,1415,0,0,0,0,0,0,0,1388,0,0,0,0,0,2803
"03/01/2019",269.3667,432.9333,19.2667,0,0,9.7143,130.8462,44.4545,67.5,165.3448,2.5172,0.7931,0,0,1142.7368000000001,3038,3699,304,0,0,107,2061,366,560,1678,23,28,0,0,11864,3038,3699,304,0,0,107,2061,366,516,1678,23,28,0,0,11820
"04/01/2019",282.1333,418.3667,17.3,0,0,5.3571,275.6923,64.5455,64.3182,171.5862,2.8276,0.5172,0,0,1302.6440999999998,3245,3599,297,0,0,81,2487,610,502,1521,34,15,0,0,12391,3245,3599,297,0,0,81,2487,610,501,1521,34,15,0,0,12390
"05/01/2019",334.375,517.7273,13.8182,0,0,0,276.1667,0,32.25,104.8235,0,0,0,0,1279.1607,2431,3317,139,0,0,0,1675,0,113,548,1,0,0,0,8224,2431,3317,139,0,0,0,1675,0,109,548,1,0,0,0,8220
"06/01/2019",237.3636,552.1364,13.4091,0,0,0,0,0,0,64.3889,0,0,0,0,867.298,1962,3722,133,0,0,0,0,0,0,563,0,0,0,0,6380,1962,3722,133,0,0,0,0,0,0,563,0,0,0,0,6380
"07/01/2019",284.4333,508.0667,33.8667,54.9545,6.55,35.9231,355.7308,187.7273,151.9643,243.1724,3.6897,8.1034,26,0,1900.1822,3077,5033,596,634,72,428,3507,2217,1692,2570,147,139,359,0,20471,3077,5033,596,634,72,428,3507,2217,1614,2570,147,139,359,0,20393
"08/01/2019",254.9333,524,52.3333,56.2727,5.3,40.2692,346.4231,141.6818,120.0714,185,29.8621,9.8276,24.0833,0.7586,1790.8164,2765,4715,829,698,57,425,3384,1637,1657,2049,210,226,305,42,18999,2765,4715,829,698,57,425,3384,1637,1652,2049,210,226,305,42,18994
"09/01/2019",266.7333,464.8333,59.9667,70.6818,6.25,36.0769,351.8077,105.0455,147.6071,197.8966,6.2759,8.0345,22.4583,0,1743.6676,2791,4163,1015,903,59,355,3189,1314,1818,2633,97,175,282,0,18794,2791,4163,1015,903,59,355,3189,1314,1762,2633,97,175,282,0,18738
"10/01/2019",249,448.0667,44.8667,43.3636,4,37.2308,319.3077,90.2273,109.1071,145.8276,8.2414,1.1034,24.0833,0,1524.4256000000003,2883,3832,958,537,65,354,3045,1110,1635,1740,65,71,273,0,16568,2883,3832,958,537,65,354,3045,1110,1644,1740,65,71,273,0,16577
"11/01/2019",189.9,293.2333,39.4333,32.75,3,36.8333,254.1923,104.4091,84.5,137.1724,2.0345,0.6897,11.5417,0,1189.6895999999997,2060,3012,798,406,29,311,2579,1419,1393,1650,36,41,211,0,13945,2060,3012,798,406,29,311,2579,1419,1411,1650,36,41,211,0,13963
"12/01/2019",227.9167,476.8636,36.3182,10,0,0,255.5,0,118.2222,61.0588,0.5385,0,8.7692,0,1195.1872,1699,2823,447,64,0,0,1434,0,738,481,7,0,41,0,7734,1699,2823,447,64,0,0,1434,0,719,481,7,0,41,0,7715
"13/01/2019",190.6364,563.3636,29.5,0,0,0,0,0,0,120.1667,0,0,0,0,903.6667,1289,3439,320,0,0,0,0,0,0,625,0,0,0,0,5673,1289,3439,320,0,0,0,0,0,0,625,0,0,0,0,5673
"14/01/2019",293,342.4667,52.6333,51.9545,11.85,47.4615,280.7308,94.0455,118.6429,209,15.3448,5.1379,24.9167,0,1547.1846,3328,3135,872,635,111,471,2719,1181,1793,2677,160,191,373,0,17646,3328,3135,872,635,111,471,2719,1181,1802,2677,160,191,373,0,17655
"15/01/2019",308.6667,275.2333,50.1,57.8636,14.2,41.5,272.1538,89.0455,133.6429,234.6552,3.6552,3.7586,29.1667,0,1513.6414999999997,3381,2632,812,635,124,383,2731,1149,1890,2521,157,141,385,0,16941,3381,2632,812,635,124,383,2731,1149,1880,2521,157,141,385,0,16931
"16/01/2019",305.8,266.7,61.9,69.2273,13.9,38.4231,256.3077,62.7727,141.5714,230.8621,8.4483,5.6897,33.25,0,1494.8523,3247,2462,1037,817,106,409,2503,749,1852,2952,140,340,395,16,17025,3247,2462,1037,817,106,409,2503,749,1865,2952,140,340,395,16,17038
"17/01/2019",306.7333,271.1,47.5667,44.1364,10.45,27.5385,196.8846,38.3636,160.5714,237.6552,9.1379,1.8276,19.5417,0,1371.5068999999999,3443,2301,984,506,115,343,2017,559,2017,2684,85,221,282,172,15729,3443,2301,984,506,115,343,2017,559,1991,2684,85,221,282,172,15703
"18/01/2019",243.2333,158.8333,50.1333,50.45,5.7222,10.8333,166.6923,23,108.5,181.3103,6.3103,4.2414,20.625,0,1029.8847,2775,1750,1035,563,82,191,1759,406,1578,2042,102,319,270,0,12872,2775,1750,1035,563,82,191,1759,406,1586,2042,102,319,270,0,12880
"19/01/2019",308.7083,409.3636,44.2727,7.2857,0,0,170.5556,0,140.3333,90.4118,2.6923,0,14.8462,0,1188.4695000000002,2424,2418,522,37,0,0,1148,0,830,518,21,0,75,0,7993,2424,2418,522,37,0,0,1148,0,806,518,21,0,75,0,7969
"20/01/2019",227.6818,535.3182,41.1818,0,0,0,0,0,0,119.5,0,0,0,0,923.6818,1521,3205,429,0,0,0,0,0,0,617,0,0,0,0,5772,1521,3205,429,0,0,0,0,0,0,617,0,0,0,0,5772
"21/01/2019",331.7333,382.9,70.0333,60.6818,23.75,22.5217,208.0769,133.8182,183.75,246.5862,70.2759,7.7586,22.125,0,1764.0108999999998,3586,3764,1152,701,200,473,2392,1760,2032,3720,1307,293,451,0,21831,3586,3764,1152,701,200,473,2392,1760,1986,3720,1307,293,451,0,21785
"22/01/2019",324.6,395.0667,52.9333,57.8182,19.7,39.3478,91.8077,136.9091,133.7857,305.2414,70.931,10.7586,22.2917,0,1661.1911999999998,3637,4199,889,605,176,562,2076,1606,1971,3502,1343,332,276,0,21174,3637,4199,889,605,176,562,2076,1606,1989,3502,1343,332,276,0,21192
"23/01/2019",287.9667,447.5333,60.2,47.3182,12.05,41.6087,182.1538,133.7273,142.2857,338.4138,26.3103,0.6552,16.375,0,1736.598,3210,4280,989,506,92,500,2065,1639,1937,3869,447,105,214,0,19853,3210,4280,989,506,92,500,2065,1639,1934,3869,447,105,214,0,19850
"24/01/2019",274.3,457.6333,63.2667,57.2727,7,34.5217,126.1875,87.4167,135.75,382.8621,108.0345,0,19.8333,0,1754.0785,3487,4259,1080,651,75,441,1268,695,1865,3921,1109,326,210,0,19387,3487,4259,1080,651,75,441,1268,695,1873,3921,1109,326,210,0,19395
"25/01/2019",278.5,295.6667,63.8333,44.05,6.1667,20,182.2692,76.5909,66.5714,234.3448,26.931,0.6897,15.75,0,1311.3636999999999,3241,3119,1103,539,86,188,1893,1006,1644,2683,619,138,214,0,16473,3241,3119,1103,539,86,188,1893,1006,1736,2683,619,138,214,0,16565
"26/01/2019",316.9167,477.0455,51.3636,6,0,0,138.8889,0,250.3889,106.3529,8.3846,0,1.3077,0,1356.6488000000002,2431,2951,533,37,0,0,934,0,2075,593,58,0,9,0,9621,2431,2951,533,37,0,0,934,0,1866,593,58,0,9,0,9412
"27/01/2019",218.3636,510.1364,30.5455,0,0,0,0,0,0,118.1667,0,0,0,0,877.2121999999999,1789,3812,369,0,0,0,0,0,0,667,0,0,0,0,6637,1789,3812,369,0,0,0,0,0,0,667,0,0,0,0,6637
"28/01/2019",339.8,378.1667,60.9333,66.0909,16.25,39.3913,257.2308,181.5,112,319.069,50.6552,6.2759,27.75,0,1855.1131,3595,4181,1127,670,158,589,2569,2135,1758,4409,1058,287,409,0,22945,3595,4181,1127,670,158,589,2569,2135,1807,4409,1058,287,409,0,22994
"29/01/2019",335.6,412.7,53.6667,48.7727,16.55,44.7826,276.1538,175.4091,132.8929,380.2414,53.3103,17.0345,13.625,0,1960.7390000000003,3629,4382,963,612,157,570,2643,1981,1852,4469,1019,424,194,0,22895,3629,4382,963,612,157,570,2643,1981,1860,4469,1019,424,194,0,22903
"30/01/2019",327.5333,280.4333,68.1667,80.7273,7.95,52.8696,258.6154,203.6364,140.6786,354.3103,74.2759,6.4828,11.125,0,1866.8046000000002,3552,3526,1157,1003,92,611,2789,2030,1873,4529,903,223,152,611,23051,3552,3526,1157,1003,92,611,2789,2030,1854,4529,903,223,152,611,23032
"31/01/2019",332.4,354.6,68.9667,52.1364,10.25,84.8261,275.0385,168.9545,101.0714,526.1379,95.6897,3.7586,9.2083,0,2083.0380999999998,3751,3679,1121,604,94,365,2721,1812,1400,4240,863,214,143,567,21574,3751,3679,1121,604,94,365,2721,1812,1407,4240,863,214,143,567,21581
"01/02/2019",277.1667,219.9333,59.2667,34.9,11.6667,42.25,213,104.1818,17.9643,269.1034,55.1724,4.7931,6.375,0,1315.7734,3269,2580,1081,485,95,331,2060,1040,808,3131,604,181,128,0,15793,3269,2580,1081,485,95,331,2060,1040,849,3131,604,181,128,0,15834
"02/02/2019",304,289.4091,48.5455,8.1429,0,0,185.3333,0,12.2222,90.4118,8.9231,0,1.4615,0,948.4494000000001,2263,1828,579,47,0,0,1150,0,161,1047,59,0,13,0,7147,2263,1828,579,47,0,0,1150,0,184,1047,59,0,13,0,7170
"03/02/2019",265.2273,364.4091,42.9545,0,0,0,0,0,0,158.3889,0,0,0,0,830.9798000000002,1794,2203,452,0,0,0,0,0,0,738,0,0,0,0,5187,1794,2203,452,0,0,0,0,0,0,738,0,0,0,0,5187
"04/02/2019",356.8667,313.2,55.4333,57.9545,25.6,47.1739,275.6154,210.6818,59,392.4138,67.9655,11.1034,12.5,0,1885.5083000000002,4156,3339,1205,674,197,629,2678,2207,1095,4909,1375,282,170,0,22916,4156,3339,1205,674,197,629,2678,2207,1092,4909,1375,282,170,0,22913
"05/02/2019",320.6333,339.5333,48.0333,37.8636,11.4,50.1304,297.7692,177.5909,65.75,455.4483,125.069,10.8276,12.8333,0,1952.8822,3622,3743,742,483,118,565,2968,1923,1046,5355,1314,398,212,0,22489,3622,3743,742,483,118,565,2968,1923,1034,5355,1314,398,212,0,22477
"06/02/2019",290.1667,328.2333,60.1333,68.8636,18.45,50.5217,297.2692,205.3182,67,468.4828,55.7241,6.4483,11.1667,0,1927.7778999999998,3369,3589,957,742,151,654,2964,2025,1179,5136,981,197,207,0,22151,3369,3589,957,742,151,654,2964,2025,1192,5136,981,197,207,0,22164
"07/02/2019",303.9,307.3,67.4333,38.7273,8.1,71.1304,295.3077,169.5455,13.7143,444.4828,206.5172,11.5172,8.2917,0,1945.9674000000002,3442,3183,1110,523,107,684,2933,1735,1109,5141,1246,478,128,0,21819,3442,3183,1110,523,107,684,2933,1735,1180,5141,1246,478,128,0,21890
"08/02/2019",285.7,275.4667,59.7333,47.65,9.2222,43.5,259.0769,104.8182,21.9286,307.2414,44.5172,4.069,5.875,0,1468.7985,3241,3063,1005,474,105,340,2301,1110,865,3844,596,190,130,0,17264,3241,3063,1005,474,105,340,2301,1110,917,3844,596,190,130,0,17316
"09/02/2019",301.8333,335.1364,49.6818,14.2857,0,0,246.7778,0,28.8333,151.5294,13.6154,0,2.0769,0,1143.7699999999998,2317,2144,513,67,0,0,1417,0,321,958,94,0,55,0,7886,2317,2144,513,67,0,0,1417,0,342,958,94,0,55,0,7907
"10/02/2019",247.3182,413.9091,32.7273,0,0,0,0,0,0,165.7222,0,0,0,0,859.6768,1600,2531,394,0,0,0,0,0,0,918,0,0,0,0,5443,1600,2531,394,0,0,0,0,0,0,918,0,0,0,0,5443
"11/02/2019",383.8,386.8,75.0667,45.6818,24.4,54.8261,308.3077,204.6364,40.4643,455.3793,6.3448,2.4483,10.6667,0,1998.8221000000003,4493,4452,1078,568,195,689,2948,2274,1168,5332,2229,311,218,0,25955,4493,4452,1078,568,195,689,2948,2274,1223,5332,2229,311,218,0,26010
"12/02/2019",355,296.4,59.8333,54.4091,18.3,52.913,323.5,183.2727,81.6429,467.931,134.8621,108.931,13.2083,0,2150.2034,4094,3727,1010,689,178,618,3383,2184,1337,5423,1322,733,192,0,24890,4094,3727,1010,689,178,618,3383,2184,1319,5423,1322,733,192,0,24872
"13/02/2019",353.9667,317.2667,66.4333,64,27.25,50.6087,287.5769,198,50.1786,426.2759,110.8621,7.069,11.25,0,1970.7378999999999,4051,3581,1097,871,201,621,2978,2074,1065,5224,1052,244,209,0,23268,4051,3581,1097,871,201,621,2978,2074,1092,5224,1052,244,209,0,23295
"14/02/2019",302.2,251.5,47.5333,42.2727,12.1,56.2609,251.5,135.9545,39.3571,374.2759,113.5862,4,5.2917,0,1635.8323,3669,2983,987,637,97,715,2612,1650,988,4449,1054,306,161,0,20308,3669,2983,987,637,97,715,2612,1650,1025,4449,1054,306,161,0,20345
"15/02/2019",270.9333,181.6333,55.8,24,9.2222,22.4,169.7692,69.4091,42.0357,226.3448,38.4828,1.8276,3.0833,0,1114.9413000000002,3231,2347,932,430,98,283,1998,966,777,3322,814,137,114,0,15449,3231,2347,932,430,98,283,1998,966,767,3322,814,137,114,0,15439
"16/02/2019",239.0417,166.4545,43.3182,3.4286,0,0,146.1667,0,14.8333,79.4118,10.6923,0,0,0,703.3471,1917,1077,454,35,0,0,909,0,155,585,70,0,0,0,5202,1917,1077,454,35,0,0,909,0,157,585,70,0,0,0,5204
"17/02/2019",165.5,185.4091,40.5455,0,0,0,0,0,0,89.2778,0,0,0,0,480.7324,1168,1202,414,0,0,0,0,0,0,448,0,0,0,0,3232,1168,1202,414,0,0,0,0,0,0,448,0,0,0,0,3232